https://adaptive.live/blog/rethink-infrastructure-access, None, []
https://adaptive.live/blog/adaptive-has-completed-soc2-type-ii-audit, None, []
https://adaptive.live/blog/bits-and-breaches-sony-pictures, None, []
https://adaptive.live/blog/bits-and-breaches-target, None, []
https://adaptive.live/blog/evolution-of-internal-networking-and-access, None, []
https://adaptive.live/blog/understanding-sox-compliance, None, []
https://adaptive.live/blog/kubernetes-in-docker-kind, None, []
https://adaptive.live/blog/ssh-into-docker-container, None, []
https://adaptive.live/blog/adaptive-has-completed-soc-2-type-i-audit, None, []
https://adaptive.live/blog/privileged-identity-management-a-brief-guide, None, []
https://adaptive.live/blog/what-is-the-principle-of-least-privilege-polp, None, []
https://adaptive.live/blog/hipaa-compliance-checklist-2023, None, []
https://adaptive.live/blog/alternative-use-cases-for-a-bastion-host, None, []
https://adaptive.live/blog/identity-and-access-management-iam-explained, None, []
https://adaptive.live/blog/understanding-soc-2-types-principles-and-benefits, None, []
https://adaptive.live/blog/credential-management-explained-best-practices-and-the-future, None, []
https://adaptive.live/blog/authentication-protocols-types-and-uses, None, []
https://adaptive.live/blog/how-to-set-up-an-aws-bastion-host-or-a-jump-server, None, []
https://adaptive.live/blog/rethink-infrastructure-access, None 
https://adaptive.live/blog/adaptive-has-completed-soc2-type-ii-audit, None 
https://adaptive.live/blog/bits-and-breaches-sony-pictures, None 
https://adaptive.live/blog/bits-and-breaches-target, None 
https://adaptive.live/blog/evolution-of-internal-networking-and-access, None 
https://adaptive.live/blog/understanding-sox-compliance, None 
https://adaptive.live/blog/kubernetes-in-docker-kind, None 
https://adaptive.live/blog/ssh-into-docker-container, None 
https://adaptive.live/blog/adaptive-has-completed-soc-2-type-i-audit, None 
https://adaptive.live/blog/privileged-identity-management-a-brief-guide, None 
https://adaptive.live/blog/what-is-the-principle-of-least-privilege-polp, None 
https://adaptive.live/blog/hipaa-compliance-checklist-2023, None 
https://adaptive.live/blog/alternative-use-cases-for-a-bastion-host, None 
https://adaptive.live/blog/identity-and-access-management-iam-explained, None 
https://adaptive.live/blog/understanding-soc-2-types-principles-and-benefits, None 
https://adaptive.live/blog/credential-management-explained-best-practices-and-the-future, None 
https://adaptive.live/blog/authentication-protocols-types-and-uses, None 
https://adaptive.live/blog/how-to-set-up-an-aws-bastion-host-or-a-jump-server, None 
